"period_type","start_date","end_date","salesman_fio","chif_fio","sales_count","sales_sum","max_overcharge_item","max_overcharge_percent"
week,2019-04-29,2019-05-05,Алексеев Никита Карлович,Касатый Ника Федотовна,1,716378,БСТ B35 П5 F1300 W12,18.00
month,2019-05-01,2019-05-31,Алексеев Никита Карлович,Касатый Ника Федотовна,4,2524779,"БСТ B20 П3,П4",38.00
week,2019-05-06,2019-05-12,Алексеев Никита Карлович,Касатый Ника Федотовна,1,693450,"БСТ B20 П3,П4",38.00
week,2019-05-20,2019-05-26,Алексеев Никита Карлович,Касатый Ника Федотовна,1,522001,"Мелкозернистый бетон БСМ B22,5 П3,П4",9.00
week,2019-05-27,2019-06-02,Алексеев Никита Карлович,Касатый Ника Федотовна,1,592950,"БСТ B20 П3,П4",18.00
month,2019-07-01,2019-07-31,Алексеев Никита Карлович,Касатый Ника Федотовна,4,2307701,БСТ B40 П5 F1300 W14,37.00
week,2019-07-15,2019-07-21,Алексеев Никита Карлович,Касатый Ника Федотовна,2,1000566,Раствор кладочный М150 Пк3,30.00
week,2019-07-29,2019-08-04,Алексеев Никита Карлович,Касатый Ника Федотовна,3,1878295,БСТ B40 П5 F1300 W14,37.00
month,2019-08-01,2019-08-31,Алексеев Никита Карлович,Касатый Ника Федотовна,2,1481810,БСТ B35 П5 F1300 W12,50.00
week,2019-08-12,2019-08-18,Алексеев Никита Карлович,Касатый Ника Федотовна,1,910650,БСТ B35 П5 F1300 W12,50.00
month,2019-09-01,2019-09-30,Алексеев Никита Карлович,Касатый Ника Федотовна,1,718734,Пусковая смесь,3.00
week,2019-09-30,2019-10-06,Алексеев Никита Карлович,Касатый Ника Федотовна,1,718734,Пусковая смесь,3.00
month,2019-10-01,2019-10-31,Алексеев Никита Карлович,Касатый Ника Федотовна,4,2676993,Пусковая смесь,37.00
week,2019-10-07,2019-10-13,Алексеев Никита Карлович,Касатый Ника Федотовна,1,491940,Раствор М200 Пк3,8.00
week,2019-10-14,2019-10-20,Алексеев Никита Карлович,Касатый Ника Федотовна,1,582552,"БСТ B12,5 П3,П4",24.00
week,2019-10-28,2019-11-03,Алексеев Никита Карлович,Касатый Ника Федотовна,2,1602501,Пусковая смесь,37.00
month,2019-11-01,2019-11-30,Алексеев Никита Карлович,Касатый Ника Федотовна,4,2625699,Раствор М200 Пк3,47.00
week,2019-11-04,2019-11-10,Алексеев Никита Карлович,Касатый Ника Федотовна,2,1308865,Раствор М200 Пк3,47.00
week,2019-11-18,2019-11-24,Алексеев Никита Карлович,Касатый Ника Федотовна,1,576660,"БСТ B 7,5 П3,П4",40.00
week,2019-11-25,2019-12-01,Алексеев Никита Карлович,Касатый Ника Федотовна,1,740174,БСТ B40 П5 F1300 W14,22.00
month,2019-12-01,2019-12-31,Алексеев Никита Карлович,Касатый Ника Федотовна,1,690864,"БСТ B15 П3,П4",48.00
week,2019-12-02,2019-12-08,Алексеев Никита Карлович,Касатый Ника Федотовна,1,690864,"БСТ B15 П3,П4",48.00
week,2019-12-30,2020-01-05,Алексеев Никита Карлович,Касатый Ника Федотовна,1,874950,БСТ B30 П4 F1200 W10,50.00
month,2020-01-01,2020-01-31,Алексеев Никита Карлович,Касатый Ника Федотовна,2,1660950,БСТ B30 П4 F1200 W10,50.00
week,2020-01-06,2020-01-12,Алексеев Никита Карлович,Касатый Ника Федотовна,1,786000,БСТ B25 П4 F1150 W8,50.00
week,2020-01-27,2020-02-02,Алексеев Никита Карлович,Касатый Ника Федотовна,1,974512,Раствор кладочный М150 Пк3,13.00
month,2020-02-01,2020-02-29,Алексеев Никита Карлович,Касатый Ника Федотовна,1,974512,Раствор кладочный М150 Пк3,13.00
month,2019-06-01,2019-06-30,Галиаскаров Харитон Ипатиевич,Коченкова Розалия Федоровна,1,831179,БСТ B40 П5 F1300 W14,37.00
week,2019-06-17,2019-06-23,Галиаскаров Харитон Ипатиевич,Коченкова Розалия Федоровна,1,831179,БСТ B40 П5 F1300 W14,37.00
month,2019-07-01,2019-07-31,Галиаскаров Харитон Ипатиевич,Коченкова Розалия Федоровна,3,1523049,"БСТ B22,5 П4 F1100 W6",17.00
week,2019-07-01,2019-07-07,Галиаскаров Харитон Ипатиевич,Коченкова Розалия Федоровна,2,933720,"Мелкозернистый бетон БСМ B 7,5 П3,П4",14.00
week,2019-07-15,2019-07-21,Галиаскаров Харитон Ипатиевич,Коченкова Розалия Федоровна,1,589329,"БСТ B22,5 П4 F1100 W6",17.00
month,2019-09-01,2019-09-30,Галиаскаров Харитон Ипатиевич,Коченкова Розалия Федоровна,2,1124460,"БСТ B12,5 П3,П4",38.00
week,2019-09-23,2019-09-29,Галиаскаров Харитон Ипатиевич,Коченкова Розалия Федоровна,2,1124460,"БСТ B12,5 П3,П4",38.00
month,2019-10-01,2019-10-31,Галиаскаров Харитон Ипатиевич,Коченкова Розалия Федоровна,4,2992002,БСТ B50 П5 F1300 W18,50.00
week,2019-10-07,2019-10-13,Галиаскаров Харитон Ипатиевич,Коченкова Розалия Федоровна,2,1261047,БСТ B35 П5 F1200 W12,29.00
week,2019-10-14,2019-10-20,Галиаскаров Харитон Ипатиевич,Коченкова Розалия Федоровна,1,807450,БСТ B30 П4 F1150 W10,50.00
week,2019-10-28,2019-11-03,Галиаскаров Харитон Ипатиевич,Коченкова Розалия Федоровна,1,923505,БСТ B50 П5 F1300 W18,45.00
month,2019-11-01,2019-11-30,Галиаскаров Харитон Ипатиевич,Коченкова Розалия Федоровна,2,1071288,"БСТ B12,5 П3,П4",41.00
week,2019-11-18,2019-11-24,Галиаскаров Харитон Ипатиевич,Коченкова Розалия Федоровна,2,1071288,"БСТ B12,5 П3,П4",41.00
month,2020-01-01,2020-01-31,Галиаскаров Харитон Ипатиевич,Коченкова Розалия Федоровна,2,1298000,БСТ B30 П4 F1150 W10,46.00
week,2020-01-13,2020-01-19,Галиаскаров Харитон Ипатиевич,Коченкова Розалия Федоровна,1,512082,"БСТ B12,5 П3,П4",9.00
week,2020-01-20,2020-01-26,Галиаскаров Харитон Ипатиевич,Коченкова Розалия Федоровна,1,785918,БСТ B30 П4 F1150 W10,46.00
month,2019-05-01,2019-05-31,Дуболазов Венедикт Эрнестович,Кокоткин Аркадий Анатолиевич,4,4843768,БСТ B35 П5 F1200 W12,46.00
week,2019-05-06,2019-05-12,Дуболазов Венедикт Эрнестович,Кокоткин Аркадий Анатолиевич,2,2121904,БСТ B35 П5 F1200 W12,46.00
week,2019-05-13,2019-05-19,Дуболазов Венедикт Эрнестович,Кокоткин Аркадий Анатолиевич,1,1554984,БСТ B25 П4 F1200 W10,38.00
week,2019-05-27,2019-06-02,Дуболазов Венедикт Эрнестович,Кокоткин Аркадий Анатолиевич,1,1166880,Раствор кладочный М100 Пк3,30.00
month,2019-06-01,2019-06-30,Дуболазов Венедикт Эрнестович,Кокоткин Аркадий Анатолиевич,2,1291617,БСТ B60 П5 F1300 W20,27.00
week,2019-06-17,2019-06-23,Дуболазов Венедикт Эрнестович,Кокоткин Аркадий Анатолиевич,1,466752,Раствор кладочный М100 Пк3,4.00
week,2019-06-24,2019-06-30,Дуболазов Венедикт Эрнестович,Кокоткин Аркадий Анатолиевич,1,824865,БСТ B60 П5 F1300 W20,27.00
month,2019-08-01,2019-08-31,Дуболазов Венедикт Эрнестович,Кокоткин Аркадий Анатолиевич,2,1191734,Раствор М200 Пк3,34.00
week,2019-08-05,2019-08-11,Дуболазов Венедикт Эрнестович,Кокоткин Аркадий Анатолиевич,2,1191734,Раствор М200 Пк3,34.00
month,2019-11-01,2019-11-30,Дуболазов Венедикт Эрнестович,Кокоткин Аркадий Анатолиевич,1,763904,БСТ B45 П5 F1300 W16,28.00
week,2019-11-04,2019-11-10,Дуболазов Венедикт Эрнестович,Кокоткин Аркадий Анатолиевич,1,763904,БСТ B45 П5 F1300 W16,28.00
month,2019-12-01,2019-12-31,Дуболазов Венедикт Эрнестович,Кокоткин Аркадий Анатолиевич,2,1218760,БСТ B35 П5 F1200 W12,42.00
week,2019-12-02,2019-12-08,Дуболазов Венедикт Эрнестович,Кокоткин Аркадий Анатолиевич,2,1218760,БСТ B35 П5 F1200 W12,42.00
month,2020-01-01,2020-01-31,Дуболазов Венедикт Эрнестович,Кокоткин Аркадий Анатолиевич,2,1804000,"Мелкозернистый бетон БСМ B22,5 П3,П4",31.00
week,2020-01-27,2020-02-02,Дуболазов Венедикт Эрнестович,Кокоткин Аркадий Анатолиевич,3,2405392,Раствор кладочный М100 Пк3,34.00
month,2020-02-01,2020-02-29,Дуболазов Венедикт Эрнестович,Кокоткин Аркадий Анатолиевич,2,1253786,"Мелкозернистый бетон БСМ B25 П3,П4",37.00
week,2020-02-10,2020-02-16,Дуболазов Венедикт Эрнестович,Кокоткин Аркадий Анатолиевич,1,652394,"Мелкозернистый бетон БСМ B25 П3,П4",37.00
month,2019-05-01,2019-05-31,Жилов Всеволод Иосифович,Коченкова Розалия Федоровна,3,1588002,"Мелкозернистый бетон БСМ B15 П3,П4",26.00
week,2019-05-06,2019-05-12,Жилов Всеволод Иосифович,Коченкова Розалия Федоровна,1,523026,"Мелкозернистый бетон БСМ B15 П3,П4",26.00
week,2019-05-20,2019-05-26,Жилов Всеволод Иосифович,Коченкова Розалия Федоровна,2,1064976,Раствор кладочный М100 Пк3,22.00
month,2019-06-01,2019-06-30,Жилов Всеволод Иосифович,Коченкова Розалия Федоровна,1,566678,"Мелкозернистый бетон БСМ B25 П3,П4",19.00
week,2019-06-03,2019-06-09,Жилов Всеволод Иосифович,Коченкова Розалия Федоровна,1,566678,"Мелкозернистый бетон БСМ B25 П3,П4",19.00
month,2019-07-01,2019-07-31,Жилов Всеволод Иосифович,Коченкова Розалия Федоровна,2,1246773,Раствор кладочный М100 Пк3,42.00
week,2019-07-22,2019-07-28,Жилов Всеволод Иосифович,Коченкова Розалия Федоровна,1,609477,"БСТ B22,5 П4 F1100 W6",21.00
week,2019-07-29,2019-08-04,Жилов Всеволод Иосифович,Коченкова Розалия Федоровна,1,637296,Раствор кладочный М100 Пк3,42.00
month,2019-09-01,2019-09-30,Жилов Всеволод Иосифович,Коченкова Розалия Федоровна,1,550735,"Мелкозернистый бетон БСМ B22,5 П3,П4",15.00
week,2019-09-09,2019-09-15,Жилов Всеволод Иосифович,Коченкова Розалия Федоровна,1,550735,"Мелкозернистый бетон БСМ B22,5 П3,П4",15.00
week,2019-10-28,2019-11-03,Жилов Всеволод Иосифович,Коченкова Розалия Федоровна,1,540766,"Мелкозернистый бетон БСМ B 7,5 П3,П4",27.00
month,2019-11-01,2019-11-30,Жилов Всеволод Иосифович,Коченкова Розалия Федоровна,3,1722005,Раствор М200 Пк3,35.00
week,2019-11-11,2019-11-17,Жилов Всеволод Иосифович,Коченкова Розалия Федоровна,1,566314,"Мелкозернистый бетон БСМ B 7,5 П3,П4",33.00
week,2019-11-25,2019-12-01,Жилов Всеволод Иосифович,Коченкова Розалия Федоровна,1,614925,Раствор М200 Пк3,35.00
month,2019-12-01,2019-12-31,Жилов Всеволод Иосифович,Коченкова Розалия Федоровна,4,2730006,БСТ B30 П4 F1200 W10,50.00
week,2019-12-02,2019-12-08,Жилов Всеволод Иосифович,Коченкова Розалия Федоровна,3,2148750,БСТ B30 П4 F1200 W10,50.00
week,2019-12-23,2019-12-29,Жилов Всеволод Иосифович,Коченкова Розалия Федоровна,1,581256,Раствор М150 Пк3,38.00
week,2019-12-30,2020-01-05,Жилов Всеволод Иосифович,Коченкова Розалия Федоровна,1,764442,БСТ B40 П5 F1300 W14,26.00
month,2020-01-01,2020-01-31,Жилов Всеволод Иосифович,Коченкова Розалия Федоровна,3,3226553,БСТ B30 П4 F1200 W10,46.00
week,2020-01-06,2020-01-12,Жилов Всеволод Иосифович,Коченкова Розалия Федоровна,1,758875,БСТ B35 П5 F1300 W12,25.00
week,2020-01-13,2020-01-19,Жилов Всеволод Иосифович,Коченкова Розалия Федоровна,1,1703236,БСТ B30 П4 F1200 W10,46.00
week,2020-01-27,2020-02-02,Жилов Всеволод Иосифович,Коченкова Розалия Федоровна,1,602768,БСТ B45 П5 F1300 W16,1.00
month,2020-02-01,2020-02-29,Жилов Всеволод Иосифович,Коченкова Розалия Федоровна,3,1728449,Раствор М200 Пк3,35.00
week,2020-02-03,2020-02-09,Жилов Всеволод Иосифович,Коченкова Розалия Федоровна,2,1125681,Раствор М200 Пк3,35.00
week,2019-04-29,2019-05-05,Касатый Ника Федотовна,Касатый Ника Федотовна,1,543683,БСТ B30 П4 F1150 W10,1.00
month,2019-05-01,2019-05-31,Касатый Ника Федотовна,Касатый Ника Федотовна,5,3271425,БСТ B30 П4 F1200 W10,47.00
week,2019-05-20,2019-05-26,Касатый Ника Федотовна,Касатый Ника Федотовна,2,1053671,"Мелкозернистый бетон БСМ B15 П3,П4",41.00
week,2019-05-27,2019-06-02,Касатый Ника Федотовна,Касатый Ника Федотовна,2,1674071,БСТ B30 П4 F1200 W10,47.00
month,2019-08-01,2019-08-31,Касатый Ника Федотовна,Касатый Ника Федотовна,1,434889,Раствор М100 Пк3,17.00
week,2019-08-26,2019-09-01,Касатый Ника Федотовна,Касатый Ника Федотовна,1,434889,Раствор М100 Пк3,17.00
month,2019-10-01,2019-10-31,Касатый Ника Федотовна,Касатый Ника Федотовна,2,1008435,Раствор кладочный М100 Пк3,32.00
week,2019-10-14,2019-10-20,Касатый Ника Федотовна,Касатый Ника Федотовна,2,1008435,Раствор кладочный М100 Пк3,32.00
month,2019-11-01,2019-11-30,Касатый Ника Федотовна,Касатый Ника Федотовна,3,1791259,"БСТ B12,5 П3,П4",40.00
week,2019-11-04,2019-11-10,Касатый Ника Федотовна,Касатый Ника Федотовна,1,657720,"БСТ B12,5 П3,П4",40.00
week,2019-11-11,2019-11-17,Касатый Ника Федотовна,Касатый Ника Федотовна,1,579469,"Мелкозернистый бетон БСМ B22,5 П3,П4",21.00
week,2019-11-18,2019-11-24,Касатый Ника Федотовна,Касатый Ника Федотовна,1,554070,"БСТ B22,5 П4 F1100 W6",10.00
month,2019-12-01,2019-12-31,Касатый Ника Федотовна,Касатый Ника Федотовна,3,1908618,"Мелкозернистый бетон БСМ B25 П3,П4",39.00
week,2019-12-02,2019-12-08,Касатый Ника Федотовна,Касатый Ника Федотовна,1,661918,"Мелкозернистый бетон БСМ B25 П3,П4",39.00
week,2019-12-09,2019-12-15,Касатый Ника Федотовна,Касатый Ника Федотовна,2,1246700,БСТ B45 П5 F1300 W16,26.00
month,2020-01-01,2020-01-31,Касатый Ника Федотовна,Касатый Ника Федотовна,2,1185016,"БСТ B20 П3,П4",24.00
week,2020-01-06,2020-01-12,Касатый Ника Федотовна,Касатый Ника Федотовна,1,623100,"БСТ B20 П3,П4",24.00
week,2020-01-20,2020-01-26,Касатый Ника Федотовна,Касатый Ника Федотовна,1,561916,"Мелкозернистый бетон БСМ B25 П3,П4",18.00
month,2019-05-01,2019-05-31,Ковпака Людмила Степановна,Янушко Анастасия Антониновна,1,459108,Раствор М150 Пк3,9.00
week,2019-05-20,2019-05-26,Ковпака Людмила Степановна,Янушко Анастасия Антониновна,1,459108,Раствор М150 Пк3,9.00
month,2019-06-01,2019-06-30,Ковпака Людмила Степановна,Янушко Анастасия Антониновна,5,3387100,"Мелкозернистый бетон БСМ B15 П3,П4",46.00
week,2019-06-03,2019-06-09,Ковпака Людмила Степановна,Янушко Анастасия Антониновна,1,507144,Раствор кладочный М100 Пк3,13.00
week,2019-06-10,2019-06-16,Ковпака Людмила Степановна,Янушко Анастасия Антониновна,1,519476,"Мелкозернистый бетон БСМ B 7,5 П3,П4",22.00
week,2019-06-17,2019-06-23,Ковпака Людмила Степановна,Янушко Анастасия Антониновна,1,1185672,"БСТ B15 П3,П4",27.00
week,2019-06-24,2019-06-30,Ковпака Людмила Степановна,Янушко Анастасия Антониновна,2,1174808,"Мелкозернистый бетон БСМ B15 П3,П4",46.00
month,2019-07-01,2019-07-31,Ковпака Людмила Степановна,Янушко Анастасия Антониновна,5,3605565,Пусковая смесь,30.00
week,2019-07-08,2019-07-14,Ковпака Людмила Степановна,Янушко Анастасия Антониновна,1,608025,"БСТ B20 П3,П4",21.00
week,2019-07-15,2019-07-21,Ковпака Людмила Степановна,Янушко Анастасия Антониновна,2,1520064,БСТ B50 П5 F1300 W18,30.00
week,2019-07-22,2019-07-28,Ковпака Людмила Степановна,Янушко Анастасия Антониновна,2,1477476,Пусковая смесь,28.00
week,2019-07-29,2019-08-04,Ковпака Людмила Степановна,Янушко Анастасия Антониновна,1,915795,БСТ B60 П5 F1300 W20,41.00
month,2019-08-01,2019-08-31,Ковпака Людмила Степановна,Янушко Анастасия Антониновна,1,915795,БСТ B60 П5 F1300 W20,41.00
week,2019-09-30,2019-10-06,Ковпака Людмила Степановна,Янушко Анастасия Антониновна,1,507384,"БСТ B12,5 П3,П4",8.00
month,2019-10-01,2019-10-31,Ковпака Людмила Степановна,Янушко Анастасия Антониновна,2,1429674,БСТ B60 П5 F1300 W20,42.00
week,2019-10-07,2019-10-13,Ковпака Людмила Степановна,Янушко Анастасия Антониновна,1,922290,БСТ B60 П5 F1300 W20,42.00
week,2019-10-28,2019-11-03,Ковпака Людмила Степановна,Янушко Анастасия Антониновна,1,492804,Раствор М150 Пк3,17.00
month,2019-11-01,2019-11-30,Ковпака Людмила Степановна,Янушко Анастасия Антониновна,3,1896439,БСТ B35 П5 F1300 W12,41.00
week,2019-11-11,2019-11-17,Ковпака Людмила Степановна,Янушко Анастасия Антониновна,1,547624,Раствор кладочный М150 Пк3,27.00
week,2019-11-25,2019-12-01,Ковпака Людмила Степановна,Янушко Анастасия Антониновна,1,856011,БСТ B35 П5 F1300 W12,41.00
month,2019-12-01,2019-12-31,Ковпака Людмила Степановна,Янушко Анастасия Антониновна,1,531579,"Мелкозернистый бетон БСМ B22,5 П3,П4",11.00
week,2019-12-16,2019-12-22,Ковпака Людмила Степановна,Янушко Анастасия Антониновна,1,531579,"Мелкозернистый бетон БСМ B22,5 П3,П4",11.00
month,2020-01-01,2020-01-31,Ковпака Людмила Степановна,Янушко Анастасия Антониновна,1,709839,БСТ B40 П5 F1300 W14,17.00
week,2020-01-06,2020-01-12,Ковпака Людмила Степановна,Янушко Анастасия Антониновна,1,709839,БСТ B40 П5 F1300 W14,17.00
month,2020-02-01,2020-02-29,Ковпака Людмила Степановна,Янушко Анастасия Антониновна,1,1795832,БСТ B40 П5 F1300 W14,48.00
week,2020-02-03,2020-02-09,Ковпака Людмила Степановна,Янушко Анастасия Антониновна,1,1795832,БСТ B40 П5 F1300 W14,48.00
week,2019-04-29,2019-05-05,Кокоткин Аркадий Анатолиевич,Кокоткин Аркадий Анатолиевич,1,921096,Пусковая смесь,32.00
month,2019-05-01,2019-05-31,Кокоткин Аркадий Анатолиевич,Кокоткин Аркадий Анатолиевич,5,4501148,БСТ B60 П5 F1300 W20,49.00
week,2019-05-06,2019-05-12,Кокоткин Аркадий Анатолиевич,Кокоткин Аркадий Анатолиевич,1,1336832,БСТ B45 П5 F1300 W16,12.00
week,2019-05-20,2019-05-26,Кокоткин Аркадий Анатолиевич,Кокоткин Аркадий Анатолиевич,3,2243220,БСТ B60 П5 F1300 W20,49.00
month,2019-06-01,2019-06-30,Кокоткин Аркадий Анатолиевич,Кокоткин Аркадий Анатолиевич,2,1380084,Пусковая смесь,13.00
week,2019-06-03,2019-06-09,Кокоткин Аркадий Анатолиевич,Кокоткин Аркадий Анатолиевич,1,788514,Пусковая смесь,13.00
week,2019-06-10,2019-06-16,Кокоткин Аркадий Анатолиевич,Кокоткин Аркадий Анатолиевич,1,591570,БСТ B25 П4 F1200 W10,5.00
week,2019-07-01,2019-07-07,Кокоткин Аркадий Анатолиевич,Кокоткин Аркадий Анатолиевич,1,1101470,"Мелкозернистый бетон БСМ B22,5 П3,П4",15.00
month,2019-07-01,2019-07-31,Кокоткин Аркадий Анатолиевич,Кокоткин Аркадий Анатолиевич,2,1682610,"Мелкозернистый бетон БСМ B15 П3,П4",40.00
week,2019-07-08,2019-07-14,Кокоткин Аркадий Анатолиевич,Кокоткин Аркадий Анатолиевич,1,581140,"Мелкозернистый бетон БСМ B15 П3,П4",40.00
month,2019-08-01,2019-08-31,Кокоткин Аркадий Анатолиевич,Кокоткин Аркадий Анатолиевич,1,659736,Раствор кладочный М100 Пк3,47.00
week,2019-08-26,2019-09-01,Кокоткин Аркадий Анатолиевич,Кокоткин Аркадий Анатолиевич,1,659736,Раствор кладочный М100 Пк3,47.00
month,2019-09-01,2019-09-30,Кокоткин Аркадий Анатолиевич,Кокоткин Аркадий Анатолиевич,4,3392762,Раствор М200 Пк3,50.00
week,2019-09-09,2019-09-15,Кокоткин Аркадий Анатолиевич,Кокоткин Аркадий Анатолиевич,1,599403,"БСТ B22,5 П4 F1100 W6",19.00
week,2019-09-16,2019-09-22,Кокоткин Аркадий Анатолиевич,Кокоткин Аркадий Анатолиевич,2,1288743,Раствор М200 Пк3,50.00
week,2019-09-23,2019-09-29,Кокоткин Аркадий Анатолиевич,Кокоткин Аркадий Анатолиевич,1,1504616,БСТ B40 П5 F1300 W14,24.00
week,2019-09-30,2019-10-06,Кокоткин Аркадий Анатолиевич,Кокоткин Аркадий Анатолиевич,2,1177518,"Мелкозернистый бетон БСМ B22,5 П3,П4",20.00
month,2019-10-01,2019-10-31,Кокоткин Аркадий Анатолиевич,Кокоткин Аркадий Анатолиевич,4,2634780,БСТ B25 П4 F1200 W10,23.00
week,2019-10-21,2019-10-27,Кокоткин Аркадий Анатолиевич,Кокоткин Аркадий Анатолиевич,2,1457262,БСТ B25 П4 F1200 W10,23.00
month,2019-11-01,2019-11-30,Кокоткин Аркадий Анатолиевич,Кокоткин Аркадий Анатолиевич,2,1620180,БСТ B60 П5 F1300 W20,45.00
week,2019-11-04,2019-11-10,Кокоткин Аркадий Анатолиевич,Кокоткин Аркадий Анатолиевич,1,730365,"БСТ B22,5 П4 F1100 W6",45.00
week,2019-11-25,2019-12-01,Кокоткин Аркадий Анатолиевич,Кокоткин Аркадий Анатолиевич,1,889815,БСТ B60 П5 F1300 W20,37.00
week,2020-01-27,2020-02-02,Кокоткин Аркадий Анатолиевич,Кокоткин Аркадий Анатолиевич,1,89056,Дегидрация,14.00
month,2020-02-01,2020-02-29,Кокоткин Аркадий Анатолиевич,Кокоткин Аркадий Анатолиевич,1,89056,Дегидрация,14.00
month,2019-07-01,2019-07-31,Косма Ефросиния Тимуровна,Янушко Анастасия Антониновна,1,493928,"Мелкозернистый бетон БСМ B 7,5 П3,П4",16.00
week,2019-07-22,2019-07-28,Косма Ефросиния Тимуровна,Янушко Анастасия Антониновна,1,493928,"Мелкозернистый бетон БСМ B 7,5 П3,П4",16.00
month,2019-09-01,2019-09-30,Косма Ефросиния Тимуровна,Янушко Анастасия Антониновна,3,1566526,"Мелкозернистый бетон БСМ B15 П3,П4",38.00
week,2019-09-09,2019-09-15,Косма Ефросиния Тимуровна,Янушко Анастасия Антониновна,1,572838,"Мелкозернистый бетон БСМ B15 П3,П4",38.00
week,2019-09-23,2019-09-29,Косма Ефросиния Тимуровна,Янушко Анастасия Антониновна,2,993688,"Мелкозернистый бетон БСМ B 7,5 П3,П4",24.00
month,2019-11-01,2019-11-30,Косма Ефросиния Тимуровна,Янушко Анастасия Антониновна,1,571440,"Мелкозернистый бетон БСМ B25 П3,П4",20.00
week,2019-11-18,2019-11-24,Косма Ефросиния Тимуровна,Янушко Анастасия Антониновна,1,571440,"Мелкозернистый бетон БСМ B25 П3,П4",20.00
month,2019-12-01,2019-12-31,Косма Ефросиния Тимуровна,Янушко Анастасия Антониновна,1,674384,БСТ B45 П5 F1300 W16,13.00
week,2019-12-02,2019-12-08,Косма Ефросиния Тимуровна,Янушко Анастасия Антониновна,1,674384,БСТ B45 П5 F1300 W16,13.00
week,2019-12-30,2020-01-05,Косма Ефросиния Тимуровна,Янушко Анастасия Антониновна,1,569375,Раствор М200 Пк3,25.00
month,2020-01-01,2020-01-31,Косма Ефросиния Тимуровна,Янушко Анастасия Антониновна,3,671846,Раствор М200 Пк3,42.00
week,2020-01-13,2020-01-19,Косма Ефросиния Тимуровна,Янушко Анастасия Антониновна,1,53983,Фасовка,42.00
week,2020-01-20,2020-01-26,Косма Ефросиния Тимуровна,Янушко Анастасия Антониновна,1,48488,Доставка,22.00
month,2020-02-01,2020-02-29,Косма Ефросиния Тимуровна,Янушко Анастасия Антониновна,3,2089943,Раствор М200 Пк3,40.00
week,2020-02-03,2020-02-09,Косма Ефросиния Тимуровна,Янушко Анастасия Антониновна,2,1287473,Раствор М200 Пк3,40.00
week,2020-02-10,2020-02-16,Косма Ефросиния Тимуровна,Янушко Анастасия Антониновна,1,802470,Пусковая смесь,15.00
month,2019-05-01,2019-05-31,Коченкова Розалия Федоровна,Коченкова Розалия Федоровна,1,734958,БСТ B30 П4 F1200 W10,26.00
week,2019-05-20,2019-05-26,Коченкова Розалия Федоровна,Коченкова Розалия Федоровна,1,734958,БСТ B30 П4 F1200 W10,26.00
week,2019-07-01,2019-07-07,Коченкова Розалия Федоровна,Коченкова Розалия Федоровна,1,498399,"БСТ B 7,5 П3,П4",21.00
month,2019-07-01,2019-07-31,Коченкова Розалия Федоровна,Коченкова Розалия Федоровна,1,498399,"БСТ B 7,5 П3,П4",21.00
month,2019-08-01,2019-08-31,Коченкова Розалия Федоровна,Коченкова Розалия Федоровна,1,469566,"БСТ B 7,5 П3,П4",14.00
week,2019-08-19,2019-08-25,Коченкова Розалия Федоровна,Коченкова Розалия Федоровна,1,469566,"БСТ B 7,5 П3,П4",14.00
month,2019-09-01,2019-09-30,Коченкова Розалия Федоровна,Коченкова Розалия Федоровна,1,686440,БСТ B25 П4 F1150 W8,31.00
week,2019-09-02,2019-09-08,Коченкова Розалия Федоровна,Коченкова Розалия Федоровна,1,686440,БСТ B25 П4 F1150 W8,31.00
month,2019-10-01,2019-10-31,Коченкова Розалия Федоровна,Коченкова Розалия Федоровна,4,2836204,БСТ B35 П5 F1200 W12,46.00
week,2019-10-07,2019-10-13,Коченкова Розалия Федоровна,Коченкова Розалия Федоровна,1,823584,БСТ B45 П5 F1300 W16,38.00
week,2019-10-14,2019-10-20,Коченкова Розалия Федоровна,Коченкова Розалия Федоровна,1,713328,БСТ B50 П5 F1300 W18,12.00
week,2019-10-28,2019-11-03,Коченкова Розалия Федоровна,Коченкова Розалия Федоровна,2,1299292,БСТ B35 П5 F1200 W12,46.00
month,2019-12-01,2019-12-31,Коченкова Розалия Федоровна,Коченкова Розалия Федоровна,1,745476,"БСТ B22,5 П4 F1100 W6",48.00
week,2019-12-02,2019-12-08,Коченкова Розалия Федоровна,Коченкова Розалия Федоровна,1,745476,"БСТ B22,5 П4 F1100 W6",48.00
week,2019-12-30,2020-01-05,Коченкова Розалия Федоровна,Коченкова Розалия Федоровна,1,592950,"БСТ B20 П3,П4",18.00
month,2020-01-01,2020-01-31,Коченкова Розалия Федоровна,Коченкова Розалия Федоровна,2,1100094,"БСТ B20 П3,П4",18.00
week,2020-01-06,2020-01-12,Коченкова Розалия Федоровна,Коченкова Розалия Федоровна,1,507144,Раствор кладочный М100 Пк3,13.00
month,2019-05-01,2019-05-31,Крыжов Дмитрий Прокофиевич,Янушко Анастасия Антониновна,3,1908569,БСТ B45 П5 F1300 W16,42.00
week,2019-05-06,2019-05-12,Крыжов Дмитрий Прокофиевич,Янушко Анастасия Антониновна,1,531351,"БСТ B 7,5 П3,П4",29.00
week,2019-05-13,2019-05-19,Крыжов Дмитрий Прокофиевич,Янушко Анастасия Антониновна,1,589442,"Мелкозернистый бетон БСМ B15 П3,П4",42.00
week,2019-05-20,2019-05-26,Крыжов Дмитрий Прокофиевич,Янушко Анастасия Антониновна,1,787776,БСТ B45 П5 F1300 W16,32.00
month,2019-07-01,2019-07-31,Крыжов Дмитрий Прокофиевич,Янушко Анастасия Антониновна,3,1933679,БСТ B30 П4 F1200 W10,45.00
week,2019-07-01,2019-07-07,Крыжов Дмитрий Прокофиевич,Янушко Анастасия Антониновна,1,540270,"БСТ B12,5 П3,П4",15.00
week,2019-07-08,2019-07-14,Крыжов Дмитрий Прокофиевич,Янушко Анастасия Антониновна,1,547624,Раствор кладочный М150 Пк3,27.00
week,2019-07-22,2019-07-28,Крыжов Дмитрий Прокофиевич,Янушко Анастасия Антониновна,1,845785,БСТ B30 П4 F1200 W10,45.00
month,2019-08-01,2019-08-31,Крыжов Дмитрий Прокофиевич,Янушко Анастасия Антониновна,2,2340154,БСТ B40 П5 F1300 W14,25.00
week,2019-08-12,2019-08-18,Крыжов Дмитрий Прокофиевич,Янушко Анастасия Антониновна,1,1516750,БСТ B40 П5 F1300 W14,25.00
week,2019-08-19,2019-08-25,Крыжов Дмитрий Прокофиевич,Янушко Анастасия Антониновна,1,823404,Пусковая смесь,18.00
month,2019-09-01,2019-09-30,Крыжов Дмитрий Прокофиевич,Янушко Анастасия Антониновна,2,1699157,"БСТ B22,5 П4 F1100 W6",23.00
week,2019-09-02,2019-09-08,Крыжов Дмитрий Прокофиевич,Янушко Анастасия Антониновна,1,1239102,"БСТ B22,5 П4 F1100 W6",23.00
week,2019-09-16,2019-09-22,Крыжов Дмитрий Прокофиевич,Янушко Анастасия Антониновна,1,460055,Раствор М200 Пк3,1.00
week,2019-09-30,2019-10-06,Крыжов Дмитрий Прокофиевич,Янушко Анастасия Антониновна,1,644736,"БСТ B22,5 П4 F1100 W6",28.00
month,2019-10-01,2019-10-31,Крыжов Дмитрий Прокофиевич,Янушко Анастасия Антониновна,2,1209039,"БСТ B 7,5 П3,П4",37.00
week,2019-10-21,2019-10-27,Крыжов Дмитрий Прокофиевич,Янушко Анастасия Антониновна,1,564303,"БСТ B 7,5 П3,П4",37.00
week,2019-10-28,2019-11-03,Крыжов Дмитрий Прокофиевич,Янушко Анастасия Антониновна,1,712640,БСТ B25 П4 F1150 W8,36.00
month,2019-11-01,2019-11-30,Крыжов Дмитрий Прокофиевич,Янушко Анастасия Антониновна,2,1898312,БСТ B25 П4 F1150 W8,36.00
week,2019-11-04,2019-11-10,Крыжов Дмитрий Прокофиевич,Янушко Анастасия Антониновна,1,1185672,"БСТ B15 П3,П4",27.00
week,2019-11-25,2019-12-01,Крыжов Дмитрий Прокофиевич,Янушко Анастасия Антониновна,1,522001,"Мелкозернистый бетон БСМ B22,5 П3,П4",9.00
month,2019-12-01,2019-12-31,Крыжов Дмитрий Прокофиевич,Янушко Анастасия Антониновна,7,5261975,БСТ B45 П5 F1300 W16,42.00
week,2019-12-02,2019-12-08,Крыжов Дмитрий Прокофиевич,Янушко Анастасия Антониновна,4,2698804,Раствор кладочный М150 Пк3,42.00
week,2019-12-09,2019-12-15,Крыжов Дмитрий Прокофиевич,Янушко Анастасия Антониновна,1,1647168,БСТ B45 П5 F1300 W16,38.00
week,2019-12-16,2019-12-22,Крыжов Дмитрий Прокофиевич,Янушко Анастасия Антониновна,1,394002,Раствор М100 Пк3,6.00
month,2020-01-01,2020-01-31,Крыжов Дмитрий Прокофиевич,Янушко Анастасия Антониновна,1,457776,Раствор кладочный М100 Пк3,2.00
week,2020-01-27,2020-02-02,Крыжов Дмитрий Прокофиевич,Янушко Анастасия Антониновна,1,457776,Раствор кладочный М100 Пк3,2.00
month,2019-05-01,2019-05-31,Лашкина Инесса Святославовна,Коченкова Розалия Федоровна,1,480168,Раствор М150 Пк3,14.00
week,2019-05-27,2019-06-02,Лашкина Инесса Святославовна,Коченкова Розалия Федоровна,1,480168,Раствор М150 Пк3,14.00
month,2019-07-01,2019-07-31,Лашкина Инесса Святославовна,Коченкова Розалия Федоровна,2,1645183,БСТ B40 П5 F1300 W14,9.00
week,2019-07-15,2019-07-21,Лашкина Инесса Святославовна,Коченкова Розалия Федоровна,1,983880,Раствор М200 Пк3,8.00
week,2019-07-22,2019-07-28,Лашкина Инесса Святославовна,Коченкова Розалия Федоровна,1,661303,БСТ B40 П5 F1300 W14,9.00
month,2019-09-01,2019-09-30,Лашкина Инесса Святославовна,Коченкова Розалия Федоровна,3,1764726,Пусковая смесь,22.00
week,2019-09-09,2019-09-15,Лашкина Инесса Святославовна,Коченкова Розалия Федоровна,1,502518,"БСТ B 7,5 П3,П4",22.00
week,2019-09-23,2019-09-29,Лашкина Инесса Святославовна,Коченкова Розалия Федоровна,1,809448,Пусковая смесь,16.00
week,2019-09-30,2019-10-06,Лашкина Инесса Святославовна,Коченкова Розалия Федоровна,2,917385,Раствор М100 Пк3,25.00
month,2019-10-01,2019-10-31,Лашкина Инесса Святославовна,Коченкова Розалия Федоровна,5,3274363,БСТ B45 П5 F1300 W16,39.00
week,2019-10-07,2019-10-13,Лашкина Инесса Святославовна,Коченкова Розалия Федоровна,2,1556992,БСТ B45 П5 F1300 W16,39.00
week,2019-10-21,2019-10-27,Лашкина Инесса Святославовна,Коченкова Розалия Федоровна,1,777018,БСТ B50 П5 F1300 W18,22.00
week,2019-10-28,2019-11-03,Лашкина Инесса Святославовна,Коченкова Розалия Федоровна,1,475728,Раствор кладочный М100 Пк3,6.00
month,2019-11-01,2019-11-30,Лашкина Инесса Святославовна,Коченкова Розалия Федоровна,5,4014479,"БСТ B 7,5 П3,П4",23.00
week,2019-11-11,2019-11-17,Лашкина Инесса Святославовна,Коченкова Розалия Федоровна,1,1168832,БСТ B35 П5 F1200 W12,12.00
week,2019-11-18,2019-11-24,Лашкина Инесса Святославовна,Коченкова Розалия Федоровна,3,2339010,БСТ B50 П5 F1300 W18,12.00
week,2019-11-25,2019-12-01,Лашкина Инесса Святославовна,Коченкова Розалия Федоровна,1,506637,"БСТ B 7,5 П3,П4",23.00
month,2019-12-01,2019-12-31,Лашкина Инесса Святославовна,Коченкова Розалия Федоровна,3,1955346,"БСТ B15 П3,П4",44.00
week,2019-12-02,2019-12-08,Лашкина Инесса Святославовна,Коченкова Розалия Федоровна,1,584898,"БСТ B 7,5 П3,П4",42.00
week,2019-12-09,2019-12-15,Лашкина Инесса Святославовна,Коченкова Розалия Федоровна,1,672192,"БСТ B15 П3,П4",44.00
week,2019-12-23,2019-12-29,Лашкина Инесса Святославовна,Коченкова Розалия Федоровна,1,698256,БСТ B45 П5 F1300 W16,17.00
month,2020-01-01,2020-01-31,Лашкина Инесса Святославовна,Коченкова Розалия Федоровна,1,682461,БСТ B30 П4 F1200 W10,17.00
week,2020-01-20,2020-01-26,Лашкина Инесса Святославовна,Коченкова Розалия Федоровна,1,682461,БСТ B30 П4 F1200 W10,17.00
week,2019-04-29,2019-05-05,Пряхина Александра Мефодиевна,Коченкова Розалия Федоровна,1,758375,БСТ B40 П5 F1300 W14,25.00
month,2019-05-01,2019-05-31,Пряхина Александра Мефодиевна,Коченкова Розалия Федоровна,4,2962063,БСТ B40 П5 F1300 W14,46.00
week,2019-05-06,2019-05-12,Пряхина Александра Мефодиевна,Коченкова Розалия Федоровна,1,707400,БСТ B25 П4 F1150 W8,35.00
week,2019-05-20,2019-05-26,Пряхина Александра Мефодиевна,Коченкова Розалия Федоровна,1,610506,БСТ B35 П5 F1200 W12,17.00
week,2019-05-27,2019-06-02,Пряхина Александра Мефодиевна,Коченкова Розалия Федоровна,1,885782,БСТ B40 П5 F1300 W14,46.00
month,2019-06-01,2019-06-30,Пряхина Александра Мефодиевна,Коченкова Розалия Федоровна,3,1625520,"Мелкозернистый бетон БСМ B25 П3,П4",33.00
week,2019-06-10,2019-06-16,Пряхина Александра Мефодиевна,Коченкова Розалия Федоровна,1,485472,"БСТ B15 П3,П4",4.00
week,2019-06-24,2019-06-30,Пряхина Александра Мефодиевна,Коченкова Розалия Федоровна,2,1140048,"Мелкозернистый бетон БСМ B25 П3,П4",33.00
month,2019-07-01,2019-07-31,Пряхина Александра Мефодиевна,Коченкова Розалия Федоровна,1,605815,Раствор М200 Пк3,33.00
week,2019-07-22,2019-07-28,Пряхина Александра Мефодиевна,Коченкова Розалия Федоровна,1,605815,Раствор М200 Пк3,33.00
month,2019-08-01,2019-08-31,Пряхина Александра Мефодиевна,Коченкова Розалия Федоровна,1,1821534,БСТ B50 П5 F1300 W18,43.00
week,2019-08-26,2019-09-01,Пряхина Александра Мефодиевна,Коченкова Розалия Федоровна,1,1821534,БСТ B50 П5 F1300 W18,43.00
month,2019-09-01,2019-09-30,Пряхина Александра Мефодиевна,Коченкова Розалия Федоровна,2,1447066,БСТ B30 П4 F1200 W10,32.00
week,2019-09-02,2019-09-08,Пряхина Александра Мефодиевна,Коченкова Розалия Федоровна,1,758290,БСТ B30 П4 F1200 W10,30.00
week,2019-09-09,2019-09-15,Пряхина Александра Мефодиевна,Коченкова Розалия Федоровна,1,688776,БСТ B35 П5 F1200 W12,32.00
week,2019-09-30,2019-10-06,Пряхина Александра Мефодиевна,Коченкова Розалия Федоровна,1,777492,БСТ B25 П4 F1200 W10,38.00
month,2019-10-01,2019-10-31,Пряхина Александра Мефодиевна,Коченкова Розалия Федоровна,4,3118644,"БСТ B15 П3,П4",49.00
week,2019-10-14,2019-10-20,Пряхина Александра Мефодиевна,Коченкова Розалия Федоровна,2,1272192,"БСТ B15 П3,П4",49.00
week,2019-10-28,2019-11-03,Пряхина Александра Мефодиевна,Коченкова Розалия Федоровна,2,1677163,"Мелкозернистый бетон БСМ B22,5 П3,П4",27.00
month,2019-11-01,2019-11-30,Пряхина Александра Мефодиевна,Коченкова Розалия Федоровна,3,1912051,БСТ B45 П5 F1300 W16,35.00
week,2019-11-18,2019-11-24,Пряхина Александра Мефодиевна,Коченкова Розалия Федоровна,1,805680,БСТ B45 П5 F1300 W16,35.00
week,2019-11-25,2019-12-01,Пряхина Александра Мефодиевна,Коченкова Розалия Федоровна,1,498168,Раствор кладочный М100 Пк3,11.00
month,2019-12-01,2019-12-31,Пряхина Александра Мефодиевна,Коченкова Розалия Федоровна,1,514296,"Мелкозернистый бетон БСМ B25 П3,П4",8.00
week,2019-12-16,2019-12-22,Пряхина Александра Мефодиевна,Коченкова Розалия Федоровна,1,514296,"Мелкозернистый бетон БСМ B25 П3,П4",8.00
month,2020-01-01,2020-01-31,Пряхина Александра Мефодиевна,Коченкова Розалия Федоровна,1,457191,Раствор М100 Пк3,23.00
week,2020-01-20,2020-01-26,Пряхина Александра Мефодиевна,Коченкова Розалия Федоровна,1,457191,Раствор М100 Пк3,23.00
month,2020-02-01,2020-02-29,Пряхина Александра Мефодиевна,Коченкова Розалия Федоровна,1,619060,"Мелкозернистый бетон БСМ B25 П3,П4",30.00
week,2020-02-10,2020-02-16,Пряхина Александра Мефодиевна,Коченкова Розалия Федоровна,1,619060,"Мелкозернистый бетон БСМ B25 П3,П4",30.00
month,2019-05-01,2019-05-31,Путина Юлия Петровна,Янушко Анастасия Антониновна,1,627359,"Мелкозернистый бетон БСМ B22,5 П3,П4",31.00
week,2019-05-06,2019-05-12,Путина Юлия Петровна,Янушко Анастасия Антониновна,1,627359,"Мелкозернистый бетон БСМ B22,5 П3,П4",31.00
month,2019-06-01,2019-06-30,Путина Юлия Петровна,Янушко Анастасия Антониновна,1,629964,БСТ B30 П4 F1200 W10,8.00
week,2019-06-24,2019-06-30,Путина Юлия Петровна,Янушко Анастасия Антониновна,1,629964,БСТ B30 П4 F1200 W10,8.00
month,2019-07-01,2019-07-31,Путина Юлия Петровна,Янушко Анастасия Антониновна,2,1350715,БСТ B60 П5 F1300 W20,24.00
week,2019-07-15,2019-07-21,Путина Юлия Петровна,Янушко Анастасия Антониновна,2,1350715,БСТ B60 П5 F1300 W20,24.00
week,2019-08-26,2019-09-01,Путина Юлия Петровна,Янушко Анастасия Антониновна,1,570598,БСТ B30 П4 F1150 W10,6.00
month,2019-09-01,2019-09-30,Путина Юлия Петровна,Янушко Анастасия Антониновна,1,570598,БСТ B30 П4 F1150 W10,6.00
week,2019-09-30,2019-10-06,Путина Юлия Петровна,Янушко Анастасия Антониновна,1,779400,БСТ B60 П5 F1300 W20,20.00
month,2019-10-01,2019-10-31,Путина Юлия Петровна,Янушко Анастасия Антониновна,3,2014036,"Мелкозернистый бетон БСМ B15 П3,П4",46.00
week,2019-10-14,2019-10-20,Путина Юлия Петровна,Янушко Анастасия Антониновна,1,628590,Раствор М200 Пк3,38.00
week,2019-10-28,2019-11-03,Путина Юлия Петровна,Янушко Анастасия Антониновна,1,606046,"Мелкозернистый бетон БСМ B15 П3,П4",46.00
month,2019-11-01,2019-11-30,Путина Юлия Петровна,Янушко Анастасия Антониновна,2,1198736,Раствор кладочный М150 Пк3,49.00
week,2019-11-04,2019-11-10,Путина Юлия Петровна,Янушко Анастасия Антониновна,1,556248,Раствор кладочный М150 Пк3,29.00
week,2019-11-11,2019-11-17,Путина Юлия Петровна,Янушко Анастасия Антониновна,1,642488,Раствор кладочный М150 Пк3,49.00
week,2019-11-25,2019-12-01,Путина Юлия Петровна,Янушко Анастасия Антониновна,1,1306500,"БСТ B20 П3,П4",30.00
month,2019-12-01,2019-12-31,Путина Юлия Петровна,Янушко Анастасия Антониновна,2,1858583,"БСТ B20 П3,П4",33.00
week,2019-12-16,2019-12-22,Путина Юлия Петровна,Янушко Анастасия Антониновна,1,552083,"Мелкозернистый бетон БСМ B15 П3,П4",33.00
month,2020-01-01,2020-01-31,Путина Юлия Петровна,Янушко Анастасия Антониновна,2,664949,Раствор М150 Пк3,46.00
week,2020-01-06,2020-01-12,Путина Юлия Петровна,Янушко Анастасия Антониновна,2,664949,Раствор М150 Пк3,46.00
month,2019-06-01,2019-06-30,Розенбаха Агния Давидовна,Касатый Ника Федотовна,2,1743550,БСТ B40 П5 F1300 W14,45.00
week,2019-06-17,2019-06-23,Розенбаха Агния Давидовна,Касатый Ника Федотовна,1,863835,БСТ B60 П5 F1300 W20,33.00
week,2019-06-24,2019-06-30,Розенбаха Агния Давидовна,Касатый Ника Федотовна,1,879715,БСТ B40 П5 F1300 W14,45.00
month,2019-07-01,2019-07-31,Розенбаха Агния Давидовна,Касатый Ника Федотовна,4,2372913,"Мелкозернистый бетон БСМ B22,5 П3,П4",45.00
week,2019-07-15,2019-07-21,Розенбаха Агния Давидовна,Касатый Ника Федотовна,3,1760146,"Мелкозернистый бетон БСМ B22,5 П3,П4",45.00
week,2019-07-22,2019-07-28,Розенбаха Агния Давидовна,Касатый Ника Федотовна,1,612767,БСТ B40 П5 F1300 W14,1.00
week,2019-07-29,2019-08-04,Розенбаха Агния Давидовна,Касатый Ника Федотовна,1,681714,БСТ B25 П4 F1200 W10,21.00
month,2019-08-01,2019-08-31,Розенбаха Агния Давидовна,Касатый Ника Федотовна,3,3348939,БСТ B45 П5 F1300 W16,50.00
week,2019-08-12,2019-08-18,Розенбаха Агния Давидовна,Касатый Ника Федотовна,1,876825,БСТ B60 П5 F1300 W20,35.00
week,2019-08-19,2019-08-25,Розенбаха Агния Давидовна,Касатый Ника Федотовна,1,1790400,БСТ B45 П5 F1300 W16,50.00
month,2019-09-01,2019-09-30,Розенбаха Агния Давидовна,Касатый Ника Федотовна,2,1298854,"Мелкозернистый бетон БСМ B15 П3,П4",50.00
week,2019-09-16,2019-09-22,Розенбаха Агния Давидовна,Касатый Ника Федотовна,1,676204,"Мелкозернистый бетон БСМ B25 П3,П4",42.00
week,2019-09-23,2019-09-29,Розенбаха Агния Давидовна,Касатый Ника Федотовна,1,622650,"Мелкозернистый бетон БСМ B15 П3,П4",50.00
week,2019-09-30,2019-10-06,Розенбаха Агния Давидовна,Касатый Ника Федотовна,1,761828,БСТ B35 П5 F1200 W12,46.00
month,2019-10-01,2019-10-31,Розенбаха Агния Давидовна,Касатый Ника Федотовна,1,761828,БСТ B35 П5 F1200 W12,46.00
month,2019-12-01,2019-12-31,Розенбаха Агния Давидовна,Касатый Ника Федотовна,1,649169,БСТ B40 П5 F1300 W14,7.00
week,2019-12-23,2019-12-29,Розенбаха Агния Давидовна,Касатый Ника Федотовна,1,649169,БСТ B40 П5 F1300 W14,7.00
month,2020-01-01,2020-01-31,Розенбаха Агния Давидовна,Касатый Ника Федотовна,1,527484,"БСТ B15 П3,П4",13.00
week,2020-01-06,2020-01-12,Розенбаха Агния Давидовна,Касатый Ника Федотовна,1,527484,"БСТ B15 П3,П4",13.00
week,2019-04-29,2019-05-05,Румянцева Варвара Всеволодовна,Кокоткин Аркадий Анатолиевич,1,714450,БСТ B60 П5 F1300 W20,10.00
month,2019-05-01,2019-05-31,Румянцева Варвара Всеволодовна,Кокоткин Аркадий Анатолиевич,1,714450,БСТ B60 П5 F1300 W20,10.00
month,2019-06-01,2019-06-30,Румянцева Варвара Всеволодовна,Кокоткин Аркадий Анатолиевич,1,733650,"БСТ B20 П3,П4",46.00
week,2019-06-03,2019-06-09,Румянцева Варвара Всеволодовна,Кокоткин Аркадий Анатолиевич,1,733650,"БСТ B20 П3,П4",46.00
month,2019-07-01,2019-07-31,Румянцева Варвара Всеволодовна,Кокоткин Аркадий Анатолиевич,2,1214159,Раствор кладочный М100 Пк3,34.00
week,2019-07-08,2019-07-14,Румянцева Варвара Всеволодовна,Кокоткин Аркадий Анатолиевич,1,601392,Раствор кладочный М100 Пк3,34.00
week,2019-07-29,2019-08-04,Румянцева Варвара Всеволодовна,Кокоткин Аркадий Анатолиевич,1,612767,БСТ B40 П5 F1300 W14,1.00
month,2019-08-01,2019-08-31,Румянцева Варвара Всеволодовна,Кокоткин Аркадий Анатолиевич,2,1567078,Пусковая смесь,42.00
week,2019-08-12,2019-08-18,Румянцева Варвара Всеволодовна,Кокоткин Аркадий Анатолиевич,1,990876,Пусковая смесь,42.00
week,2019-08-26,2019-09-01,Румянцева Варвара Всеволодовна,Кокоткин Аркадий Анатолиевич,1,576202,"Мелкозернистый бетон БСМ B25 П3,П4",21.00
month,2019-09-01,2019-09-30,Румянцева Варвара Всеволодовна,Кокоткин Аркадий Анатолиевич,2,1643805,БСТ B60 П5 F1300 W20,44.00
week,2019-09-16,2019-09-22,Румянцева Варвара Всеволодовна,Кокоткин Аркадий Анатолиевич,1,935280,БСТ B60 П5 F1300 W20,44.00
week,2019-09-23,2019-09-29,Румянцева Варвара Всеволодовна,Кокоткин Аркадий Анатолиевич,1,708525,"БСТ B20 П3,П4",41.00
month,2019-10-01,2019-10-31,Румянцева Варвара Всеволодовна,Кокоткин Аркадий Анатолиевич,1,435512,Раствор кладочный М150 Пк3,1.00
week,2019-10-07,2019-10-13,Румянцева Варвара Всеволодовна,Кокоткин Аркадий Анатолиевич,1,435512,Раствор кладочный М150 Пк3,1.00
month,2019-11-01,2019-11-30,Румянцева Варвара Всеволодовна,Кокоткин Аркадий Анатолиевич,1,623560,БСТ B25 П4 F1150 W8,19.00
week,2019-11-04,2019-11-10,Румянцева Варвара Всеволодовна,Кокоткин Аркадий Анатолиевич,1,623560,БСТ B25 П4 F1150 W8,19.00
month,2019-12-01,2019-12-31,Румянцева Варвара Всеволодовна,Кокоткин Аркадий Анатолиевич,1,515218,"Мелкозернистый бетон БСМ B 7,5 П3,П4",21.00
week,2019-12-09,2019-12-15,Румянцева Варвара Всеволодовна,Кокоткин Аркадий Анатолиевич,1,515218,"Мелкозернистый бетон БСМ B 7,5 П3,П4",21.00
month,2020-01-01,2020-01-31,Румянцева Варвара Всеволодовна,Кокоткин Аркадий Анатолиевич,2,1414892,"БСТ B12,5 П3,П4",50.00
week,2020-01-06,2020-01-12,Румянцева Варвара Всеволодовна,Кокоткин Аркадий Анатолиевич,1,704700,"БСТ B12,5 П3,П4",50.00
week,2020-01-13,2020-01-19,Румянцева Варвара Всеволодовна,Кокоткин Аркадий Анатолиевич,1,710192,БСТ B45 П5 F1300 W16,19.00
week,2019-07-01,2019-07-07,Фарест Александр Вячеславович,Касатый Ника Федотовна,1,630184,"Мелкозернистый бетон БСМ B 7,5 П3,П4",48.00
month,2019-07-01,2019-07-31,Фарест Александр Вячеславович,Касатый Ника Федотовна,1,630184,"Мелкозернистый бетон БСМ B 7,5 П3,П4",48.00
week,2019-07-29,2019-08-04,Фарест Александр Вячеславович,Касатый Ника Федотовна,1,759800,БСТ B25 П4 F1150 W8,45.00
month,2019-08-01,2019-08-31,Фарест Александр Вячеславович,Касатый Ника Федотовна,4,3640576,БСТ B25 П4 F1150 W8,47.00
week,2019-08-19,2019-08-25,Фарест Александр Вячеславович,Касатый Ника Федотовна,2,2288646,"Мелкозернистый бетон БСМ B 7,5 П3,П4",47.00
week,2019-08-26,2019-09-01,Фарест Александр Вячеславович,Касатый Ника Федотовна,1,592130,БСТ B30 П4 F1150 W10,10.00
month,2019-09-01,2019-09-30,Фарест Александр Вячеславович,Касатый Ника Федотовна,3,1951753,"БСТ B 7,5 П3,П4",35.00
week,2019-09-09,2019-09-15,Фарест Александр Вячеславович,Касатый Ника Федотовна,1,444136,Раствор кладочный М150 Пк3,3.00
week,2019-09-23,2019-09-29,Фарест Александр Вячеславович,Касатый Ника Федотовна,2,1507617,"БСТ B 7,5 П3,П4",35.00
month,2019-10-01,2019-10-31,Фарест Александр Вячеславович,Касатый Ника Федотовна,2,1083548,"Мелкозернистый бетон БСМ B15 П3,П4",3.00
week,2019-10-07,2019-10-13,Фарест Александр Вячеславович,Касатый Ника Федотовна,1,655995,БСТ B60 П5 F1300 W20,1.00
week,2019-10-14,2019-10-20,Фарест Александр Вячеславович,Касатый Ника Федотовна,1,427553,"Мелкозернистый бетон БСМ B15 П3,П4",3.00
month,2019-11-01,2019-11-30,Фарест Александр Вячеславович,Касатый Ника Федотовна,1,584416,БСТ B35 П5 F1200 W12,12.00
week,2019-11-25,2019-12-01,Фарест Александр Вячеславович,Касатый Ника Федотовна,1,584416,БСТ B35 П5 F1200 W12,12.00
month,2020-01-01,2020-01-31,Фарест Александр Вячеславович,Касатый Ника Федотовна,2,1281283,"БСТ B22,5 П4 F1100 W6",40.00
week,2020-01-27,2020-02-02,Фарест Александр Вячеславович,Касатый Ника Федотовна,2,1281283,"БСТ B22,5 П4 F1100 W6",40.00
month,2020-02-01,2020-02-29,Фарест Александр Вячеславович,Касатый Ника Федотовна,2,1508724,БСТ B60 П5 F1300 W20,23.00
week,2020-02-10,2020-02-16,Фарест Александр Вячеславович,Касатый Ника Федотовна,2,1508724,БСТ B60 П5 F1300 W20,23.00
month,2019-05-01,2019-05-31,Янушко Анастасия Антониновна,Янушко Анастасия Антониновна,2,1387512,БСТ B40 П5 F1300 W14,44.00
week,2019-05-06,2019-05-12,Янушко Анастасия Антониновна,Янушко Анастасия Антониновна,1,873648,БСТ B40 П5 F1300 W14,44.00
week,2019-05-13,2019-05-19,Янушко Анастасия Антониновна,Янушко Анастасия Антониновна,1,513864,Раствор М150 Пк3,22.00
month,2019-06-01,2019-06-30,Янушко Анастасия Антониновна,Янушко Анастасия Антониновна,1,942480,Раствор кладочный М100 Пк3,5.00
week,2019-06-03,2019-06-09,Янушко Анастасия Антониновна,Янушко Анастасия Антониновна,1,942480,Раствор кладочный М100 Пк3,5.00
month,2019-07-01,2019-07-31,Янушко Анастасия Антониновна,Янушко Анастасия Антониновна,2,1295264,"Мелкозернистый бетон БСМ B25 П3,П4",42.00
week,2019-07-15,2019-07-21,Янушко Анастасия Антониновна,Янушко Анастасия Антониновна,1,676204,"Мелкозернистый бетон БСМ B25 П3,П4",42.00
week,2019-07-29,2019-08-04,Янушко Анастасия Антониновна,Янушко Анастасия Антониновна,1,619060,"Мелкозернистый бетон БСМ B25 П3,П4",30.00
month,2019-08-01,2019-08-31,Янушко Анастасия Антониновна,Янушко Анастасия Антониновна,3,2622701,"Мелкозернистый бетон БСМ B22,5 П3,П4",37.00
week,2019-08-05,2019-08-11,Янушко Анастасия Антониновна,Янушко Анастасия Антониновна,2,1966608,БСТ B50 П5 F1300 W18,12.00
week,2019-08-12,2019-08-18,Янушко Анастасия Антониновна,Янушко Анастасия Антониновна,1,656093,"Мелкозернистый бетон БСМ B22,5 П3,П4",37.00
month,2019-10-01,2019-10-31,Янушко Анастасия Антониновна,Янушко Анастасия Антониновна,3,2089980,БСТ B50 П5 F1300 W18,39.00
week,2019-10-14,2019-10-20,Янушко Анастасия Антониновна,Янушко Анастасия Антониновна,1,624428,БСТ B30 П4 F1150 W10,16.00
week,2019-10-21,2019-10-27,Янушко Анастасия Антониновна,Янушко Анастасия Антониновна,2,1465552,БСТ B50 П5 F1300 W18,39.00
week,2019-10-28,2019-11-03,Янушко Анастасия Антониновна,Янушко Анастасия Антониновна,1,1644906,БСТ B30 П4 F1200 W10,41.00
month,2019-11-01,2019-11-30,Янушко Анастасия Антониновна,Янушко Анастасия Антониновна,2,2456202,БСТ B25 П4 F1200 W10,44.00
week,2019-11-18,2019-11-24,Янушко Анастасия Антониновна,Янушко Анастасия Антониновна,1,811296,БСТ B25 П4 F1200 W10,44.00
month,2020-01-01,2020-01-31,Янушко Анастасия Антониновна,Янушко Анастасия Антониновна,2,661527,Раствор кладочный М150 Пк3,43.00
week,2020-01-20,2020-01-26,Янушко Анастасия Антониновна,Янушко Анастасия Антониновна,2,661527,Раствор кладочный М150 Пк3,43.00
month,2019-05-01,2019-05-31,Янчуковский Ярослав Модестович,Янушко Анастасия Антониновна,3,1985955,БСТ B35 П5 F1200 W12,50.00
week,2019-05-06,2019-05-12,Янчуковский Ярослав Модестович,Янушко Анастасия Антониновна,1,642870,"Мелкозернистый бетон БСМ B25 П3,П4",35.00
week,2019-05-13,2019-05-19,Янчуковский Ярослав Модестович,Янушко Анастасия Антониновна,2,1343085,БСТ B35 П5 F1200 W12,50.00
month,2019-06-01,2019-06-30,Янчуковский Ярослав Модестович,Янушко Анастасия Антониновна,1,896310,БСТ B60 П5 F1300 W20,38.00
week,2019-06-10,2019-06-16,Янчуковский Ярослав Модестович,Янушко Анастасия Антониновна,1,896310,БСТ B60 П5 F1300 W20,38.00
month,2019-08-01,2019-08-31,Янчуковский Ярослав Модестович,Янушко Анастасия Антониновна,1,667370,БСТ B40 П5 F1300 W14,10.00
week,2019-08-19,2019-08-25,Янчуковский Ярослав Модестович,Янушко Анастасия Антониновна,1,667370,БСТ B40 П5 F1300 W14,10.00
month,2019-09-01,2019-09-30,Янчуковский Ярослав Модестович,Янушко Анастасия Антониновна,2,1419875,"БСТ B20 П3,П4",47.00
week,2019-09-02,2019-09-08,Янчуковский Ярослав Модестович,Янушко Анастасия Антониновна,2,1419875,"БСТ B20 П3,П4",47.00
month,2019-11-01,2019-11-30,Янчуковский Ярослав Модестович,Янушко Анастасия Антониновна,2,2355523,БСТ B45 П5 F1300 W16,43.00
week,2019-11-11,2019-11-17,Янчуковский Ярослав Модестович,Янушко Анастасия Антониновна,2,2355523,БСТ B45 П5 F1300 W16,43.00
month,2020-01-01,2020-01-31,Янчуковский Ярослав Модестович,Янушко Анастасия Антониновна,3,2152635,БСТ B50 П5 F1300 W18,37.00
week,2020-01-06,2020-01-12,Янчуковский Ярослав Модестович,Янушко Анастасия Антониновна,2,1364121,БСТ B50 П5 F1300 W18,37.00
week,2020-01-27,2020-02-02,Янчуковский Ярослав Модестович,Янушко Анастасия Антониновна,1,788514,Пусковая смесь,13.00
month,2019-05-01,2019-05-31,Янькова Елизавета Антониновна,Коченкова Розалия Федоровна,4,3102556,Раствор кладочный М100 Пк3,47.00
week,2019-05-06,2019-05-12,Янькова Елизавета Антониновна,Коченкова Розалия Федоровна,1,446040,Раствор М100 Пк3,20.00
week,2019-05-13,2019-05-19,Янькова Елизавета Антониновна,Коченкова Розалия Федоровна,2,1952280,Раствор кладочный М100 Пк3,47.00
week,2019-05-20,2019-05-26,Янькова Елизавета Антониновна,Коченкова Розалия Федоровна,1,704236,БСТ B35 П5 F1300 W12,16.00
month,2019-07-01,2019-07-31,Янькова Елизавета Антониновна,Коченкова Розалия Федоровна,1,448308,"Мелкозернистый бетон БСМ B15 П3,П4",8.00
week,2019-07-08,2019-07-14,Янькова Елизавета Антониновна,Коченкова Розалия Федоровна,1,448308,"Мелкозернистый бетон БСМ B15 П3,П4",8.00
month,2019-09-01,2019-09-30,Янькова Елизавета Антониновна,Коченкова Розалия Федоровна,1,653250,"БСТ B20 П3,П4",30.00
week,2019-09-02,2019-09-08,Янькова Елизавета Антониновна,Коченкова Розалия Федоровна,1,653250,"БСТ B20 П3,П4",30.00
month,2019-10-01,2019-10-31,Янькова Елизавета Антониновна,Коченкова Розалия Федоровна,1,609536,"Мелкозернистый бетон БСМ B25 П3,П4",28.00
week,2019-10-07,2019-10-13,Янькова Елизавета Антониновна,Коченкова Розалия Федоровна,1,609536,"Мелкозернистый бетон БСМ B25 П3,П4",28.00
month,2019-12-01,2019-12-31,Янькова Елизавета Антониновна,Коченкова Розалия Федоровна,1,698165,БСТ B35 П5 F1300 W12,15.00
week,2019-12-02,2019-12-08,Янькова Елизавета Антониновна,Коченкова Розалия Федоровна,1,698165,БСТ B35 П5 F1300 W12,15.00
month,2020-01-01,2020-01-31,Янькова Елизавета Антониновна,Коченкова Розалия Федоровна,1,82026,Дегидрация,5.00
week,2020-01-13,2020-01-19,Янькова Елизавета Антониновна,Коченкова Розалия Федоровна,1,82026,Дегидрация,5.00
